Scenario_hourly_rate_usd_per_hr,Quarter_block_3p,Weeks_in_period,Uber_gross_usd,Tips_usd,Total_gross_usd,Total_weekly_costs_usd,Tax_reserve_usd,Pay_dad_usd,Net_after_dad_usd,Yoga_income_usd,Net_after_dad_plus_yoga_usd,Cumulative_net_after_dad_plus_yoga_usd
20,1,9,8640,162.0,8802.0,4070.9700000000003,3456.0,386.86,888.1699999999996,1080.0,1968.17,1968.17
20,2,9,8640,162.0,8802.0,4070.9700000000003,3456.0,0.0,1275.0299999999997,1080.0,2355.03,4323.2
20,3,8,7680,144.0,7824.0,3618.6400000000003,3072.0,0.0,1133.3599999999997,960.0,2093.36,6416.56
23,1,9,9936,162.0,10098.0,4070.9700000000003,3974.4,386.86,1665.7699999999995,1080.0,2745.77,2745.77
23,2,9,9936,162.0,10098.0,4070.9700000000003,3974.4,0.0,2052.629999999999,1080.0,3132.63,5878.4
23,3,8,8832,144.0,8976.0,3618.6400000000003,3532.8,0.0,1824.5599999999995,960.0,2784.56,8662.96
26,1,9,11232,162.0,11394.0,4070.9700000000003,4492.8,386.86,2443.369999999999,1080.0,3523.37,3523.37
26,2,9,11232,162.0,11394.0,4070.9700000000003,4492.8,0.0,2830.229999999999,1080.0,3910.23,7433.6
26,3,8,9984,144.0,10128.0,3618.6400000000003,3993.6000000000004,0.0,2515.7599999999993,960.0,3475.76,10909.36
