Week,Scenario_hourly_rate_usd_per_hr,Hours_per_week,Uber_gross_usd,Tips_usd,Total_gross_usd,Rental_usd,Charging_usd,Buffer_usd,Total_weekly_costs_usd,Net_before_dad_usd,Tax_reserve_rate_on_uber_gross,Tax_reserve_usd,Net_after_tax_reserve_usd,Pay_dad_usd_week1_only,Net_after_dad_usd,Cumulative_net_after_dad_usd
1,20,48,960,18.0,978.0,386.86,15.47,50.0,452.33000000000004,525.67,0.4,384.0,141.66999999999996,386.86,-245.19000000000005,-245.19
2,20,48,960,18.0,978.0,386.86,15.47,50.0,452.33000000000004,525.67,0.4,384.0,141.66999999999996,0.0,141.66999999999996,-103.52
3,20,48,960,18.0,978.0,386.86,15.47,50.0,452.33000000000004,525.67,0.4,384.0,141.66999999999996,0.0,141.66999999999996,38.15
4,20,48,960,18.0,978.0,386.86,15.47,50.0,452.33000000000004,525.67,0.4,384.0,141.66999999999996,0.0,141.66999999999996,179.82
5,20,48,960,18.0,978.0,386.86,15.47,50.0,452.33000000000004,525.67,0.4,384.0,141.66999999999996,0.0,141.66999999999996,321.49
6,20,48,960,18.0,978.0,386.86,15.47,50.0,452.33000000000004,525.67,0.4,384.0,141.66999999999996,0.0,141.66999999999996,463.16
7,20,48,960,18.0,978.0,386.86,15.47,50.0,452.33000000000004,525.67,0.4,384.0,141.66999999999996,0.0,141.66999999999996,604.83
8,20,48,960,18.0,978.0,386.86,15.47,50.0,452.33000000000004,525.67,0.4,384.0,141.66999999999996,0.0,141.66999999999996,746.5
9,20,48,960,18.0,978.0,386.86,15.47,50.0,452.33000000000004,525.67,0.4,384.0,141.66999999999996,0.0,141.66999999999996,888.17
10,20,48,960,18.0,978.0,386.86,15.47,50.0,452.33000000000004,525.67,0.4,384.0,141.66999999999996,0.0,141.66999999999996,1029.84
11,20,48,960,18.0,978.0,386.86,15.47,50.0,452.33000000000004,525.67,0.4,384.0,141.66999999999996,0.0,141.66999999999996,1171.51
12,20,48,960,18.0,978.0,386.86,15.47,50.0,452.33000000000004,525.67,0.4,384.0,141.66999999999996,0.0,141.66999999999996,1313.18
13,20,48,960,18.0,978.0,386.86,15.47,50.0,452.33000000000004,525.67,0.4,384.0,141.66999999999996,0.0,141.66999999999996,1454.85
14,20,48,960,18.0,978.0,386.86,15.47,50.0,452.33000000000004,525.67,0.4,384.0,141.66999999999996,0.0,141.66999999999996,1596.52
15,20,48,960,18.0,978.0,386.86,15.47,50.0,452.33000000000004,525.67,0.4,384.0,141.66999999999996,0.0,141.66999999999996,1738.19
16,20,48,960,18.0,978.0,386.86,15.47,50.0,452.33000000000004,525.67,0.4,384.0,141.66999999999996,0.0,141.66999999999996,1879.86
17,20,48,960,18.0,978.0,386.86,15.47,50.0,452.33000000000004,525.67,0.4,384.0,141.66999999999996,0.0,141.66999999999996,2021.53
18,20,48,960,18.0,978.0,386.86,15.47,50.0,452.33000000000004,525.67,0.4,384.0,141.66999999999996,0.0,141.66999999999996,2163.2
19,20,48,960,18.0,978.0,386.86,15.47,50.0,452.33000000000004,525.67,0.4,384.0,141.66999999999996,0.0,141.66999999999996,2304.87
20,20,48,960,18.0,978.0,386.86,15.47,50.0,452.33000000000004,525.67,0.4,384.0,141.66999999999996,0.0,141.66999999999996,2446.54
21,20,48,960,18.0,978.0,386.86,15.47,50.0,452.33000000000004,525.67,0.4,384.0,141.66999999999996,0.0,141.66999999999996,2588.21
22,20,48,960,18.0,978.0,386.86,15.47,50.0,452.33000000000004,525.67,0.4,384.0,141.66999999999996,0.0,141.66999999999996,2729.88
23,20,48,960,18.0,978.0,386.86,15.47,50.0,452.33000000000004,525.67,0.4,384.0,141.66999999999996,0.0,141.66999999999996,2871.55
24,20,48,960,18.0,978.0,386.86,15.47,50.0,452.33000000000004,525.67,0.4,384.0,141.66999999999996,0.0,141.66999999999996,3013.22
25,20,48,960,18.0,978.0,386.86,15.47,50.0,452.33000000000004,525.67,0.4,384.0,141.66999999999996,0.0,141.66999999999996,3154.89
26,20,48,960,18.0,978.0,386.86,15.47,50.0,452.33000000000004,525.67,0.4,384.0,141.66999999999996,0.0,141.66999999999996,3296.56
1,23,48,1104,18.0,1122.0,386.86,15.47,50.0,452.33000000000004,669.67,0.4,441.6,228.06999999999994,386.86,-158.79000000000008,-158.79
2,23,48,1104,18.0,1122.0,386.86,15.47,50.0,452.33000000000004,669.67,0.4,441.6,228.06999999999994,0.0,228.06999999999994,69.28
3,23,48,1104,18.0,1122.0,386.86,15.47,50.0,452.33000000000004,669.67,0.4,441.6,228.06999999999994,0.0,228.06999999999994,297.35
4,23,48,1104,18.0,1122.0,386.86,15.47,50.0,452.33000000000004,669.67,0.4,441.6,228.06999999999994,0.0,228.06999999999994,525.42
5,23,48,1104,18.0,1122.0,386.86,15.47,50.0,452.33000000000004,669.67,0.4,441.6,228.06999999999994,0.0,228.06999999999994,753.49
6,23,48,1104,18.0,1122.0,386.86,15.47,50.0,452.33000000000004,669.67,0.4,441.6,228.06999999999994,0.0,228.06999999999994,981.56
7,23,48,1104,18.0,1122.0,386.86,15.47,50.0,452.33000000000004,669.67,0.4,441.6,228.06999999999994,0.0,228.06999999999994,1209.63
8,23,48,1104,18.0,1122.0,386.86,15.47,50.0,452.33000000000004,669.67,0.4,441.6,228.06999999999994,0.0,228.06999999999994,1437.7
9,23,48,1104,18.0,1122.0,386.86,15.47,50.0,452.33000000000004,669.67,0.4,441.6,228.06999999999994,0.0,228.06999999999994,1665.77
10,23,48,1104,18.0,1122.0,386.86,15.47,50.0,452.33000000000004,669.67,0.4,441.6,228.06999999999994,0.0,228.06999999999994,1893.84
11,23,48,1104,18.0,1122.0,386.86,15.47,50.0,452.33000000000004,669.67,0.4,441.6,228.06999999999994,0.0,228.06999999999994,2121.91
12,23,48,1104,18.0,1122.0,386.86,15.47,50.0,452.33000000000004,669.67,0.4,441.6,228.06999999999994,0.0,228.06999999999994,2349.98
13,23,48,1104,18.0,1122.0,386.86,15.47,50.0,452.33000000000004,669.67,0.4,441.6,228.06999999999994,0.0,228.06999999999994,2578.05
14,23,48,1104,18.0,1122.0,386.86,15.47,50.0,452.33000000000004,669.67,0.4,441.6,228.06999999999994,0.0,228.06999999999994,2806.12
15,23,48,1104,18.0,1122.0,386.86,15.47,50.0,452.33000000000004,669.67,0.4,441.6,228.06999999999994,0.0,228.06999999999994,3034.19
16,23,48,1104,18.0,1122.0,386.86,15.47,50.0,452.33000000000004,669.67,0.4,441.6,228.06999999999994,0.0,228.06999999999994,3262.26
17,23,48,1104,18.0,1122.0,386.86,15.47,50.0,452.33000000000004,669.67,0.4,441.6,228.06999999999994,0.0,228.06999999999994,3490.33
18,23,48,1104,18.0,1122.0,386.86,15.47,50.0,452.33000000000004,669.67,0.4,441.6,228.06999999999994,0.0,228.06999999999994,3718.4
19,23,48,1104,18.0,1122.0,386.86,15.47,50.0,452.33000000000004,669.67,0.4,441.6,228.06999999999994,0.0,228.06999999999994,3946.47
20,23,48,1104,18.0,1122.0,386.86,15.47,50.0,452.33000000000004,669.67,0.4,441.6,228.06999999999994,0.0,228.06999999999994,4174.54
21,23,48,1104,18.0,1122.0,386.86,15.47,50.0,452.33000000000004,669.67,0.4,441.6,228.06999999999994,0.0,228.06999999999994,4402.61
22,23,48,1104,18.0,1122.0,386.86,15.47,50.0,452.33000000000004,669.67,0.4,441.6,228.06999999999994,0.0,228.06999999999994,4630.68
23,23,48,1104,18.0,1122.0,386.86,15.47,50.0,452.33000000000004,669.67,0.4,441.6,228.06999999999994,0.0,228.06999999999994,4858.75
24,23,48,1104,18.0,1122.0,386.86,15.47,50.0,452.33000000000004,669.67,0.4,441.6,228.06999999999994,0.0,228.06999999999994,5086.82
25,23,48,1104,18.0,1122.0,386.86,15.47,50.0,452.33000000000004,669.67,0.4,441.6,228.06999999999994,0.0,228.06999999999994,5314.89
26,23,48,1104,18.0,1122.0,386.86,15.47,50.0,452.33000000000004,669.67,0.4,441.6,228.06999999999994,0.0,228.06999999999994,5542.96
1,26,48,1248,18.0,1266.0,386.86,15.47,50.0,452.33000000000004,813.67,0.4,499.20000000000005,314.4699999999999,386.86,-72.3900000000001,-72.39
2,26,48,1248,18.0,1266.0,386.86,15.47,50.0,452.33000000000004,813.67,0.4,499.20000000000005,314.4699999999999,0.0,314.4699999999999,242.08
3,26,48,1248,18.0,1266.0,386.86,15.47,50.0,452.33000000000004,813.67,0.4,499.20000000000005,314.4699999999999,0.0,314.4699999999999,556.55
4,26,48,1248,18.0,1266.0,386.86,15.47,50.0,452.33000000000004,813.67,0.4,499.20000000000005,314.4699999999999,0.0,314.4699999999999,871.02
5,26,48,1248,18.0,1266.0,386.86,15.47,50.0,452.33000000000004,813.67,0.4,499.20000000000005,314.4699999999999,0.0,314.4699999999999,1185.49
6,26,48,1248,18.0,1266.0,386.86,15.47,50.0,452.33000000000004,813.67,0.4,499.20000000000005,314.4699999999999,0.0,314.4699999999999,1499.96
7,26,48,1248,18.0,1266.0,386.86,15.47,50.0,452.33000000000004,813.67,0.4,499.20000000000005,314.4699999999999,0.0,314.4699999999999,1814.43
8,26,48,1248,18.0,1266.0,386.86,15.47,50.0,452.33000000000004,813.67,0.4,499.20000000000005,314.4699999999999,0.0,314.4699999999999,2128.9
9,26,48,1248,18.0,1266.0,386.86,15.47,50.0,452.33000000000004,813.67,0.4,499.20000000000005,314.4699999999999,0.0,314.4699999999999,2443.37
10,26,48,1248,18.0,1266.0,386.86,15.47,50.0,452.33000000000004,813.67,0.4,499.20000000000005,314.4699999999999,0.0,314.4699999999999,2757.84
11,26,48,1248,18.0,1266.0,386.86,15.47,50.0,452.33000000000004,813.67,0.4,499.20000000000005,314.4699999999999,0.0,314.4699999999999,3072.31
12,26,48,1248,18.0,1266.0,386.86,15.47,50.0,452.33000000000004,813.67,0.4,499.20000000000005,314.4699999999999,0.0,314.4699999999999,3386.78
13,26,48,1248,18.0,1266.0,386.86,15.47,50.0,452.33000000000004,813.67,0.4,499.20000000000005,314.4699999999999,0.0,314.4699999999999,3701.25
14,26,48,1248,18.0,1266.0,386.86,15.47,50.0,452.33000000000004,813.67,0.4,499.20000000000005,314.4699999999999,0.0,314.4699999999999,4015.72
15,26,48,1248,18.0,1266.0,386.86,15.47,50.0,452.33000000000004,813.67,0.4,499.20000000000005,314.4699999999999,0.0,314.4699999999999,4330.19
16,26,48,1248,18.0,1266.0,386.86,15.47,50.0,452.33000000000004,813.67,0.4,499.20000000000005,314.4699999999999,0.0,314.4699999999999,4644.66
17,26,48,1248,18.0,1266.0,386.86,15.47,50.0,452.33000000000004,813.67,0.4,499.20000000000005,314.4699999999999,0.0,314.4699999999999,4959.13
18,26,48,1248,18.0,1266.0,386.86,15.47,50.0,452.33000000000004,813.67,0.4,499.20000000000005,314.4699999999999,0.0,314.4699999999999,5273.6
19,26,48,1248,18.0,1266.0,386.86,15.47,50.0,452.33000000000004,813.67,0.4,499.20000000000005,314.4699999999999,0.0,314.4699999999999,5588.07
20,26,48,1248,18.0,1266.0,386.86,15.47,50.0,452.33000000000004,813.67,0.4,499.20000000000005,314.4699999999999,0.0,314.4699999999999,5902.54
21,26,48,1248,18.0,1266.0,386.86,15.47,50.0,452.33000000000004,813.67,0.4,499.20000000000005,314.4699999999999,0.0,314.4699999999999,6217.01
22,26,48,1248,18.0,1266.0,386.86,15.47,50.0,452.33000000000004,813.67,0.4,499.20000000000005,314.4699999999999,0.0,314.4699999999999,6531.48
23,26,48,1248,18.0,1266.0,386.86,15.47,50.0,452.33000000000004,813.67,0.4,499.20000000000005,314.4699999999999,0.0,314.4699999999999,6845.95
24,26,48,1248,18.0,1266.0,386.86,15.47,50.0,452.33000000000004,813.67,0.4,499.20000000000005,314.4699999999999,0.0,314.4699999999999,7160.42
25,26,48,1248,18.0,1266.0,386.86,15.47,50.0,452.33000000000004,813.67,0.4,499.20000000000005,314.4699999999999,0.0,314.4699999999999,7474.89
26,26,48,1248,18.0,1266.0,386.86,15.47,50.0,452.33000000000004,813.67,0.4,499.20000000000005,314.4699999999999,0.0,314.4699999999999,7789.36
